Genera	AM-F10-T2-RITA	DA-AD-1-RITA	DA-AD-2-RITA	DA-AD-3-RITA	DA-AD-4-RITA	ES-AD-1-RITA	ES-AD-2-RITA	ES-AD-3-RITA	ES-AD-4-RITA	FR-AD-1-RITA	FR-AD-2-RITA	FR-AD-3-RITA	FR-AD-4-RITA	FR-AD-5-RITA	FR-AD-6-RITA	FR-AD-7-RITA	FR-AD-8-RITA	IT-AD-1-RITA	IT-AD-2-RITA	IT-AD-3-RITA	IT-AD-4-RITA	IT-AD-5-RITA	IT-AD-6-RITA	JP-AD-1-RITA	JP-AD-2-RITA	JP-AD-3-RITA	JP-AD-4-RITA	JP-AD-5-RITA	JP-AD-6-RITA	JP-AD-7-RITA	JP-AD-8-RITA	JP-AD-9-RITA
Unclassified	0.500005742	0.399013597	0.517682883	0.605023128	0.574368531	0.171189494	0.30735686	0.314797142	0.438421222	0.400924713	0.48556294	0.349911497	0.480868726	0.456502968	0.411989764	0.398194224	0.440950198	0.40288426	0.398117794	0.374429145	0.236188472	0.573758559	0.407859698	0.223286775	0.516924842	0.323224833	0.312402084	0.499811496	0.268405218	0.211925326	0.260283083	0.299420968
Other	0.007499561	0.049347975	0.015899271	0.024309877	0.032705015	0.014934052	0.021280492	0.015751258	0.021919145	0.014167525	0.035976739	0.013815427	0.069687767	0.047311012	0.042541707	0.019923304	0.017439731	0.027214719	0.011226266	0.019911047	0.01519552	0.020363221	0.026380145	0.025561345	0.021989085	0.039249688	0.029955312	0.018574833	0.018820145	0.015060234	0.015680925	0.023295339
Bacteroides	0.082735986	0.135697784	0.225073901	0.085672089	0.060331471	0.664804195	0.158777743	0.265218566	0.21939997	0.208132367	0.2099896	0.423373484	0.161559448	0.096684912	0.081046613	0.203662853	0.197288702	0.264427752	0.048542934	0.23870929	0.0836606	0.123098799	0.091093205	0.432631754	0.068547482	0.095337439	0.328489002	0.176829115	0.487940537	0.473821147	0.443734786	0.278304792
Prevotella	0.000861283	0.274833671	0.00505734	0.024747501	0.13845827	0.004599561	0.363828407	0.232518073	0.00555454	0.024131983	0.010135909	0.005189311	0.00400925	0.096553851	0.167954663	0.004163888	0.006325178	0.002340449	0.011262099	0.002441929	0.43686953	0.016555367	0.162821562	0.002398451	0.007358627	0.123539022	0.011259569	0.00147033	0.002920059	0.012552975	0.005809722	0.002168289
Ruminococcus	0.048783065	0.00799559	0.008160303	0.005084628	0.007215518	0.007294931	0.005688791	0.007398149	0.014961562	0.015643466	0.009545382	0.021327117	0.023523149	0.016213091	0.011781995	0.046717625	0.048895759	0.010428767	0.005907845	0.013846167	0.008650119	0.015370422	0.010557159	0.010594226	0.01142458	0.006459721	0.007094547	0.012001407	0.017267533	0.010179175	0.011406128	0.011740791
Acholeplasma	6.89E-06	5.05E-05	0.000106845	9.10E-05	0.000287735	8.94E-06	3.51E-05	2.53E-05	4.79E-05	0.000103811	0.000590527	8.63E-06	7.49E-05	0.000331509	3.38E-05	8.55E-06	1.78E-05	2.58E-05	5.19E-05	8.57E-06	5.13E-05	0.000110031	4.31E-05	2.57E-05	2.49E-05	1.26E-05	0	7.54E-05	2.53E-05	0	0	0
Achromobacter	4.59E-06	0	8.90E-06	2.17E-05	4.43E-06	0	8.77E-06	0	4.35E-06	0	1.76E-05	0	1.66E-05	0	8.45E-06	1.71E-05	0	1.72E-05	0	8.57E-06	0	8.46E-06	0	0	1.25E-05	0	5.09E-05	0	0	1.34E-05	0.000112932	0
Acidaminococcus	9.19E-05	0.000277742	0.000186979	0.000537048	0.00096502	0.008573331	0.000771361	0.005920208	0.000330835	0.003289999	0.000334926	0.000388551	0.00056562	0.000192738	0.002119915	0.000196652	0.000177674	0.001032551	0.000138398	0.000402704	0.002224561	0.000736358	0.000594648	0.043980145	0.015789868	0.004348373	0.00030569	0.000364441	0.000278101	0.000321871	0.000715236	0.000874707
Acidovorax	4.59E-06	2.10E-05	4.45E-06	1.73E-05	3.98E-05	3.13E-05	2.19E-05	8.45E-06	2.61E-05	2.40E-05	0	8.63E-06	8.32E-06	3.08E-05	2.53E-05	0	2.67E-05	1.72E-05	3.46E-05	0	2.57E-05	5.08E-05	2.59E-05	6.41E-05	0	2.51E-05	8.92E-05	0.000213638	0	1.34E-05	0	0
Acinetobacter	0	0.00011783	5.34E-05	1.73E-05	5.31E-05	4.47E-06	3.94E-05	7.60E-05	2.18E-05	2.40E-05	1.76E-05	8.63E-06	8.32E-06	7.71E-06	4.22E-05	7.70E-05	1.78E-05	8.60E-06	8.65E-06	2.57E-05	5.99E-05	8.46E-06	1.72E-05	2.57E-05	3.74E-05	3.77E-05	1.27E-05	8.80E-05	0	5.36E-05	1.25E-05	2.46E-05
Actinobacillus	1.38E-05	0.000201994	8.90E-06	3.90E-05	4.87E-05	2.23E-05	2.19E-05	1.69E-05	3.05E-05	2.40E-05	3.53E-05	8.63E-06	5.82E-05	3.85E-05	8.45E-06	2.57E-05	4.44E-05	3.44E-05	0	8.57E-06	0.000136896	7.62E-05	5.17E-05	1.28E-05	7.48E-05	3.77E-05	1.27E-05	2.51E-05	1.26E-05	0	1.25E-05	3.70E-05
Actinomyces	0.000142399	4.21E-05	0.000106845	0.000402786	0.000115094	0.000192207	8.77E-05	8.45E-05	0.000130593	0.00045517	7.93E-05	0.000267668	0.000906656	6.94E-05	0.000726345	0.000316353	0.000142139	0.001023947	0.000882284	0.000214204	0.002207449	0.001447325	0.000603266	0.000833686	0.001134975	0.001822295	0.000229267	0.000867117	5.06E-05	8.05E-05	5.02E-05	3.70E-05
Aerococcus	2.99E-05	1.68E-05	3.56E-05	8.23E-05	1.77E-05	0	8.77E-05	1.69E-05	2.18E-05	9.58E-05	2.64E-05	2.59E-05	3.33E-05	3.08E-05	0.000118242	2.57E-05	3.55E-05	1.72E-05	1.73E-05	5.14E-05	8.56E-06	8.46E-06	3.45E-05	1.28E-05	0	1.26E-05	0	2.51E-05	3.79E-05	0	2.51E-05	2.46E-05
Aeromonas	2.30E-06	0	4.45E-06	8.66E-06	1.33E-05	0	8.77E-06	4.22E-06	8.71E-06	0	0	0	0	0	0	8.55E-06	0	8.60E-06	8.65E-06	0	0	8.46E-06	8.62E-06	0	0	0	1.27E-05	0	0	0	0	0
Aggregatibacter	4.59E-06	8.42E-06	0	1.30E-05	2.66E-05	8.94E-06	2.19E-05	0	8.71E-06	1.60E-05	7.93E-05	2.59E-05	0.000141405	2.31E-05	1.69E-05	8.55E-06	1.78E-05	8.60E-06	0	8.57E-06	0.000119784	0	0.000137889	0	1.25E-05	1.26E-05	3.82E-05	3.77E-05	2.53E-05	0	0	4.93E-05
Akkermansia	0.001959132	0.000201994	0.047595092	0.022517021	0.000101814	8.05E-05	0.000188458	0.000460273	0.035159889	0.00661194	0.062763313	0.027595735	0.008592437	6.17E-05	3.38E-05	0.008259375	0.016035037	0.008716453	0.031520037	0.004035609	9.41E-05	0.023487291	0.002456155	0.000500212	1.25E-05	0.000628378	0.00021653	0.00599442	0.001099762	4.02E-05	3.76E-05	3.70E-05
Alicyclobacillus	2.30E-06	8.42E-06	1.34E-05	0	1.33E-05	0	4.38E-06	0	4.35E-06	3.19E-05	4.41E-05	0	1.66E-05	0	1.69E-05	0	2.67E-05	0	3.46E-05	8.57E-06	0	5.08E-05	0	0	2.49E-05	0	2.55E-05	2.51E-05	0	0	2.51E-05	1.23E-05
Aliivibrio	0	8.42E-06	4.45E-06	1.73E-05	0	1.79E-05	0	4.22E-06	4.35E-06	1.60E-05	8.81E-06	0	0	1.54E-05	0	0	8.88E-06	0	0	0	0	2.54E-05	8.62E-06	0	0	0	0	1.26E-05	0	0	0	0
Alistipes	0.0041043	0.027875151	0.0291821	0.045358869	0.00328461	0.005135953	0.011772028	0.008542497	0.0867048	0.032221228	0.015794391	0.026283297	0.018199664	0.010060905	0.00554894	0.032609997	0.015777411	0.019489403	0.045074345	0.058229301	0.001394629	0.007676747	0.018916706	0.010183796	0.010963107	0.007879854	0.006878017	0.007917159	0.020099105	0.000764444	0.006863754	0.000480473
Alkaliphilus	5.51E-05	0.000168328	0.000267113	0.000311834	0.00040283	7.60E-05	7.01E-05	9.71E-05	0.000208948	0.000207621	0.000167463	0.000129517	0.000224585	0.000185028	0.000194255	0.000256502	0.000195441	0.000172092	0.000198946	0.000231341	0.000196788	0.000270844	0.000215452	0.000192389	0.000548779	8.80E-05	0.000229267	0.000578078	0.000214896	5.36E-05	0.000138028	0.000283356
Aminobacterium	4.59E-06	1.68E-05	2.23E-05	2.60E-05	3.54E-05	2.23E-05	1.75E-05	1.27E-05	3.48E-05	2.40E-05	3.53E-05	8.63E-06	2.50E-05	2.31E-05	3.38E-05	8.55E-06	0	1.72E-05	1.73E-05	2.57E-05	0	3.39E-05	0	1.28E-05	3.74E-05	1.26E-05	3.82E-05	0	1.26E-05	0	2.51E-05	1.23E-05
Ammonifex	0	0	8.90E-06	8.66E-06	3.54E-05	8.94E-06	0	4.22E-06	8.71E-06	0	2.64E-05	1.73E-05	8.32E-06	2.31E-05	0	0	8.88E-06	1.72E-05	0	1.71E-05	9.41E-05	0	0	0	0	0	0	1.26E-05	1.26E-05	0	0	0
Anaerococcus	9.19E-05	0.000130454	0.000271565	0.000203558	0.000398403	2.68E-05	7.01E-05	0.000130903	8.27E-05	0.000127767	0.000176277	7.77E-05	0.000199631	0.000362347	0.000219593	0.000153901	0.000186557	0.000137673	0.000103798	0.000171363	7.70E-05	0.000160814	0.000103417	0.000102608	0.000449001	0.000163378	0.000140108	0.000464976	5.06E-05	5.36E-05	0.000150576	3.70E-05
Anaerofustis	0.000149289	0.000130454	0.000431833	0.000194896	0.000141654	5.81E-05	5.26E-05	6.76E-05	0.000174124	7.99E-05	0.000211532	6.91E-05	8.32E-05	0.000146481	0.000135134	0.000119701	0.000257627	0.000223719	9.51E-05	0.000334159	1.71E-05	0.000203133	0.000120653	0.000102608	8.73E-05	0.000138243	5.09E-05	0.000226205	0.000126409	1.34E-05	6.27E-05	4.93E-05
Anaeromyxobacter	1.61E-05	6.31E-05	3.56E-05	8.66E-05	5.31E-05	2.23E-05	5.26E-05	2.11E-05	6.09E-05	8.78E-05	8.81E-05	2.59E-05	6.65E-05	5.40E-05	8.45E-06	2.57E-05	7.11E-05	7.74E-05	3.46E-05	5.14E-05	0	0.000135422	7.76E-05	1.28E-05	8.73E-05	5.03E-05	2.55E-05	0.000213638	3.79E-05	0	2.51E-05	2.46E-05
Anaerostipes	0.001945351	0.000315615	0.000329439	0.000216551	0.000230188	0.000518512	0.000205989	0.00021958	0.000330835	0.000487112	0.000308484	0.000241765	0.00060721	0.000539665	0.000405402	0.000837908	0.001092692	0.000481857	0.000198946	0.000411272	0.000231012	0.000490906	0.000232688	0.000384778	0.000548779	0.000238783	0.000318427	0.000565511	0.000341306	0.000254815	0.000326248	0.002180609
Anaerotruncus	0.001111629	0.001565452	0.003076252	0.002624604	0.002133669	0.001113013	0.001078153	0.001849537	0.003295287	0.002283834	0.002370921	0.001182921	0.001713497	0.002143243	0.001900322	0.000889208	0.002203152	0.004973455	0.002508455	0.001662225	0.0002139	0.003927244	0.002016633	0.000872164	0.003479758	0.001646349	0.002483728	0.008130796	0.002212166	0.00041575	0.003864783	0.001724775
Anoxybacillus	0	0	4.45E-06	3.03E-05	3.98E-05	4.47E-06	8.77E-06	0	4.35E-06	1.60E-05	8.81E-06	0	8.32E-06	1.54E-05	8.45E-06	2.57E-05	4.44E-05	0	2.59E-05	0	0	0	8.62E-06	0	0	0	0	0	0	0	1.25E-05	1.23E-05
Atopobium	7.12E-05	0.000105205	0.000244854	0.000303172	0.000239042	3.58E-05	7.01E-05	4.64E-05	0.000278598	0.000239563	0.000167463	6.91E-05	0.000108133	0.000223576	0.000236484	0.000128251	0.000195441	9.47E-05	0.000112448	7.71E-05	0.00012834	0.000270844	0.00040505	3.85E-05	0.000199556	0.000125676	0.000101897	0.00032674	2.53E-05	0	3.76E-05	3.70E-05
Azoarcus	0	0	4.45E-06	4.33E-06	4.43E-06	0	0	0	0	0	1.76E-05	8.63E-06	0	0	0	1.71E-05	0	0	8.65E-06	0	0	0	0	0	0	3.77E-05	0	0	0	0	0	0
Azospirillum	0	2.10E-05	1.34E-05	8.66E-06	2.66E-05	0	0	0	1.31E-05	2.40E-05	8.81E-06	8.63E-06	1.66E-05	0	8.45E-06	8.55E-06	8.88E-06	8.60E-06	0	0	8.56E-06	0	8.62E-06	0	2.49E-05	3.77E-05	0	0	0	0	0	0
Azotobacter	2.30E-06	1.68E-05	0	0	1.77E-05	0	8.77E-06	0	4.35E-06	0	8.81E-06	8.63E-06	0	7.71E-06	0	0	1.78E-05	0	8.65E-06	0	0	8.46E-06	0	0	3.74E-05	0	0	0	0	0	0	2.46E-05
Bacillus	0.00053055	0.001018386	0.002947147	0.000896523	0.002270896	0.000303955	0.00056099	0.000591176	0.00081838	0.000894369	0.001189868	0.00096706	0.001197784	0.001179554	0.001157085	0.00111151	0.001465807	0.000791623	0.000960133	0.000899658	0.000547584	0.001616603	0.000853191	0.000628471	0.001920726	0.000527837	0.000878858	0.001407495	0.000606765	0.000536452	0.000652496	0.000997906
Bartonella	6.89E-06	8.42E-06	0	4.33E-06	1.77E-05	0	3.51E-05	8.45E-06	4.35E-06	0	0	0	0	0	8.45E-06	8.55E-06	0	8.60E-06	0	0	0	0	0	0	1.25E-05	0	0	0	1.26E-05	0	1.25E-05	0
Beijerinckia	0	8.42E-06	0	0	4.43E-06	8.94E-06	4.38E-06	0	1.31E-05	0	0	0	0	0	8.45E-06	0	8.88E-06	0	0	0	0	0	0	0	0	1.26E-05	0	0	0	0	0	0
Bifidobacterium	0.137653682	0.000555483	0.010746848	0.019411673	0.003426264	0.014437884	0.006731882	0.002111344	0.010068692	0.034808509	0.01735444	0.003496956	0.014947347	0.075892375	0.00565029	0.000632706	0.002638452	0.04113856	0.059986679	0.038616754	0.02622415	0.028870325	0.040401603	0.012377031	0.030469705	0.029219555	0.071646011	0.057682157	0.033422663	0.008006545	0.026375888	0.009239867
Blautia	0.005080421	0.001009969	0.00446524	0.001611143	0.001828226	0.003133423	0.000670559	0.001385042	0.001950183	0.001740825	0.001489538	0.001165652	0.002536973	0.001888829	0.001376678	0.002299971	0.004139794	0.002082312	0.001185029	0.001884998	0.00072726	0.001599675	0.001266859	0.000897816	0.002681534	0.001005404	0.001655819	0.004134516	0.001112403	0.002118985	0.001292444	0.002402365
Bordetella	2.30E-06	3.37E-05	1.34E-05	1.30E-05	8.85E-06	3.13E-05	1.31E-05	1.69E-05	2.18E-05	3.19E-05	8.81E-06	1.73E-05	8.32E-06	1.54E-05	8.45E-06	2.57E-05	8.88E-06	8.60E-06	0	8.57E-06	8.56E-06	0	1.72E-05	1.28E-05	0	2.51E-05	5.09E-05	3.77E-05	0	0	2.51E-05	2.46E-05
Brachyspira	3.67E-05	8.42E-05	0.000115749	7.36E-05	9.74E-05	2.23E-05	6.57E-05	2.96E-05	3.05E-05	8.78E-05	0.000105766	8.63E-05	9.15E-05	0.000146481	0.000785466	2.57E-05	0.000115488	2.58E-05	3.46E-05	7.71E-05	4.28E-05	0.000126958	3.45E-05	6.41E-05	9.98E-05	7.54E-05	1.27E-05	2.51E-05	5.06E-05	0.000174347	0.001041484	6.16E-05
Bradyrhizobium	0	1.68E-05	2.23E-05	2.60E-05	2.66E-05	0	1.31E-05	4.22E-06	1.31E-05	2.40E-05	6.17E-05	1.73E-05	1.66E-05	0	1.69E-05	0	3.55E-05	2.58E-05	5.19E-05	0	8.56E-06	1.69E-05	2.59E-05	5.13E-05	2.49E-05	0.000138243	0	5.03E-05	0	6.71E-05	5.02E-05	0
Brevibacillus	2.30E-06	1.26E-05	4.01E-05	5.20E-05	5.31E-05	1.79E-05	2.63E-05	8.45E-06	4.35E-05	3.99E-05	2.64E-05	1.73E-05	2.50E-05	5.40E-05	3.38E-05	1.71E-05	0	1.72E-05	3.46E-05	2.57E-05	8.56E-06	5.92E-05	5.17E-05	1.28E-05	3.74E-05	6.28E-05	2.55E-05	0.000100535	1.26E-05	0	3.76E-05	1.23E-05
Brevibacterium	4.59E-06	4.21E-06	4.45E-06	8.66E-06	0	0	4.38E-06	0	0	1.60E-05	7.05E-05	0	1.66E-05	1.54E-05	0	0	8.88E-06	0	0	0	8.56E-06	8.46E-06	3.45E-05	0	1.25E-05	2.51E-05	0	1.26E-05	0	1.34E-05	0	1.23E-05
Brucella	0	1.26E-05	1.34E-05	4.33E-06	4.43E-06	0	4.38E-06	0	1.31E-05	0	8.81E-06	1.73E-05	0	0	0	8.55E-06	8.88E-06	0	0	0	0	8.46E-06	0	0	0	0	1.27E-05	0	0	0	1.25E-05	0
Bulleidia	2.76E-05	2.95E-05	4.90E-05	6.50E-05	5.75E-05	0	3.07E-05	4.64E-05	6.53E-05	1.60E-05	7.05E-05	3.45E-05	7.49E-05	6.17E-05	2.53E-05	5.13E-05	5.33E-05	4.30E-05	5.19E-05	0.000102818	8.56E-05	8.46E-06	6.03E-05	2.57E-05	6.24E-05	1.26E-05	0	8.80E-05	1.26E-05	0	2.51E-05	3.70E-05
Burkholderia	4.59E-05	0.000231451	0.000204787	0.000298841	0.000256749	0.000143038	0.000166544	0.000114013	0.000191536	0.000183665	0.000193904	0.000120882	0.000166359	0.000138771	0.00014358	0.000136801	0.000124371	0.000283952	0.000337344	0.000231341	0.000111228	0.000253917	0.000146508	0.000102608	0.000274389	0.000238783	0.000267478	0.00032674	0.000113769	0.000120702	0.000150576	8.62E-05
Caldanaerobacter	6.89E-06	8.42E-06	6.68E-05	2.60E-05	4.87E-05	8.94E-06	3.07E-05	0	3.48E-05	1.60E-05	2.64E-05	8.63E-06	3.33E-05	1.54E-05	8.45E-06	0	0	2.58E-05	6.05E-05	8.57E-06	0	3.39E-05	1.72E-05	1.28E-05	3.74E-05	0	1.27E-05	5.03E-05	1.26E-05	0	1.25E-05	1.23E-05
Caldicellulosiruptor	7.81E-05	0.000151495	0.000467448	0.000606344	0.000261175	4.02E-05	0.000162161	7.18E-05	0.000174124	0.000167694	0.000352553	0.000103614	0.00028281	0.000439442	0.000185809	0.000265052	0.000204325	0.000120464	0.000337344	0.000257045	0.000136896	0.000363947	0.000310251	8.98E-05	0.00049889	0.000113108	0.000254741	0.000138236	0.000164332	0	0.00018822	3.70E-05
Campylobacter	0.000153883	3.79E-05	0.000106845	7.80E-05	0.000110667	2.23E-05	0.000157778	9.71E-05	0.000156711	2.40E-05	0.000185091	0.000112248	9.98E-05	5.40E-05	9.29E-05	0.000128251	8.00E-05	1.72E-05	0	3.43E-05	3.42E-05	0.000135422	6.89E-05	1.28E-05	4.99E-05	3.77E-05	5.09E-05	7.54E-05	1.26E-05	0.000147524	3.76E-05	2.46E-05
Capnocytophaga	1.38E-05	0.000387155	0.000155816	0.000524055	0.000216908	0.000379944	0.000170927	0.000299811	0.000230714	0.000263519	0.00022916	0.00015542	9.98E-05	0.000208157	0.000109796	0.000102601	0.000177674	7.74E-05	0.000164347	0.000257045	0.000102672	0.000338556	0.000189598	0.000102608	6.24E-05	1.26E-05	0.000101897	8.80E-05	0.000202255	0.000134113	0.000213316	3.70E-05
Carboxydothermus	4.59E-06	8.42E-06	8.90E-06	8.66E-06	1.33E-05	8.94E-06	4.38E-06	8.45E-06	1.74E-05	4.79E-05	8.81E-06	1.73E-05	8.32E-06	1.54E-05	8.45E-06	8.55E-06	0	3.44E-05	8.65E-06	1.71E-05	8.56E-06	1.69E-05	1.72E-05	2.57E-05	1.25E-05	0	0	3.77E-05	1.26E-05	0	1.25E-05	1.23E-05
Cardiobacterium	2.30E-06	1.26E-05	4.45E-06	2.17E-05	8.85E-06	4.47E-06	0	4.22E-06	4.35E-06	0	1.76E-05	0	0	0	1.69E-05	0	8.88E-06	8.60E-06	8.65E-06	8.57E-06	0	8.46E-06	0	0	0	0	0	0	0	0	0	0
Catenibacterium	0.00026872	0.001308752	0.000511967	0.000229545	0.003988455	0.000134098	0.001306055	0.000249139	0.000452721	0.000351359	0.000282043	0.000328109	0.000632164	0.00046257	0.003403687	0.000632706	0.00070181	0.000163487	0.000147047	0.000565499	0.000350796	0.002302178	0.00022407	0.000371952	0.003916286	0.000138243	0.000369375	0.000314173	0.00013905	0.000496218	0.000238412	0.001466059
Catonella	4.36E-05	4.21E-06	8.90E-06	1.30E-05	0	4.47E-06	4.38E-06	1.27E-05	4.35E-06	7.99E-06	8.81E-06	0	0	7.71E-06	8.45E-06	0	8.88E-06	0	1.73E-05	8.57E-06	8.56E-06	3.39E-05	0	0	0	1.26E-05	0	2.51E-05	0	1.34E-05	0	0
Cellvibrio	0	0	4.45E-06	4.33E-06	4.43E-06	0	0	0	0	0	8.81E-06	0	0	0	2.53E-05	0	1.78E-05	0	0	0	8.56E-06	1.69E-05	8.62E-06	0	1.25E-05	0	1.27E-05	0	0	0	0	0
Chloroflexus	1.15E-05	8.42E-06	3.12E-05	1.73E-05	1.77E-05	0	2.19E-05	2.11E-05	1.31E-05	7.99E-06	8.81E-06	8.63E-06	3.33E-05	1.54E-05	1.69E-05	1.71E-05	8.88E-06	0	8.65E-06	8.57E-06	8.56E-06	8.46E-06	0	0	2.49E-05	0	1.27E-05	2.51E-05	0	0	1.25E-05	1.23E-05
Chromobacterium	0	4.21E-06	2.23E-05	8.66E-06	0	0	8.77E-06	0	1.74E-05	0	8.81E-06	0	0	0	8.45E-06	0	0	8.60E-06	0	8.57E-06	0	0	0	1.28E-05	0	0	0	0	0	0	0	0
Chryseobacterium	1.15E-05	4.21E-05	8.90E-05	3.03E-05	2.66E-05	2.68E-05	4.38E-05	6.33E-05	6.53E-05	7.99E-06	1.76E-05	3.45E-05	1.66E-05	1.54E-05	3.38E-05	0	4.44E-05	3.44E-05	2.59E-05	5.14E-05	8.56E-06	1.69E-05	1.72E-05	0.000128259	0	1.26E-05	1.27E-05	8.80E-05	3.79E-05	0	0.000100384	0
Citrobacter	2.30E-06	0	8.90E-06	1.30E-05	1.33E-05	8.94E-06	4.38E-06	8.45E-06	4.35E-06	7.99E-06	0	8.63E-06	0	7.71E-06	0.000168917	0	8.88E-06	2.58E-05	0.000371943	0.000248477	8.56E-06	1.69E-05	8.62E-06	2.57E-05	0.000985308	0.002953374	0.000726013	0.000942519	0.000290742	0	0	3.70E-05
Clostridium	0.041438044	0.02035088	0.038490989	0.02272491	0.033412719	0.021017625	0.014866239	0.018296906	0.032082256	0.033323218	0.023823794	0.021465268	0.031050889	0.023914887	0.027694023	0.037962345	0.035348151	0.043229476	0.021356469	0.026578472	0.011550604	0.037046441	0.021924419	0.036784794	0.045361571	0.023802941	0.026009094	0.067647724	0.034572989	0.025199828	0.029914423	0.03752618
Collinsella	0.025211474	0.001317168	0.003868687	0.005353152	0.002890634	0.008175507	0.000850251	0.010075333	0.000374366	0.014086307	0.001436655	0.002486725	0.002162666	0.011263588	0.019476187	0.001530464	0.026722101	0.000378602	0.01290557	0.02025516	0.034241125	0.017765703	0.053251174	0.000102608	0.007608072	0.007992962	0.008393728	0.014451957	0.004626586	0.001193605	0.022071925	0.000911667
Comamonas	2.30E-06	8.42E-06	8.90E-06	2.60E-05	1.77E-05	4.47E-06	0	0	4.35E-06	7.99E-06	1.76E-05	8.63E-06	8.32E-06	0	0	0	0	0	0	0	0	0	0	1.28E-05	0	0	0	0.001445196	0	0	1.25E-05	0
Coprobacillus	0.001458439	0.000879515	0.00292934	0.000281517	0.001204062	0.000254786	0.000460187	0.000506723	0.001253689	0.001133932	0.001463096	0.000751198	0.001380779	0.001395421	0.001309111	0.00217172	0.001945525	0.001436967	0.000795786	0.00168793	0.000658812	0.001193408	0.000853191	0.000692601	0.001583976	0.000201081	0.000127371	0.002525951	0.000417151	0.000254815	0.000577208	0.001737095
Coprococcus	0.0037506	0.002516507	0.002898177	0.000978813	0.006454126	0.002096399	0.006153361	0.001380819	0.002063364	0.012169802	0.0036313	0.001787333	0.027557352	0.00420939	0.008749926	0.010388345	0.007026989	0.001290689	0.00169537	0.009793421	0.003499405	0.001752025	0.009936657	0.00470712	0.002070393	0.002035943	0.001936034	0.001281826	0.000998635	0.001716646	0.001367732	0.007847727
Coraliomargarita	9.19E-06	4.21E-06	2.23E-05	7.36E-05	4.43E-05	1.34E-05	3.94E-05	0	4.35E-06	4.79E-05	1.76E-05	8.63E-06	4.16E-05	1.54E-05	0	0	8.88E-06	0	3.46E-05	0	0	5.92E-05	4.31E-05	0	3.74E-05	0	1.27E-05	1.26E-05	1.26E-05	1.34E-05	1.25E-05	1.23E-05
Corynebacterium	0.000291688	5.47E-05	0.000155816	8.66E-05	0.000110667	1.34E-05	4.38E-05	4.64E-05	1.31E-05	0.000127767	0.000264415	3.45E-05	0.000116451	0.000123352	0.000194255	3.42E-05	2.67E-05	0.000542089	9.51E-05	0.000111386	0.000119784	6.77E-05	6.89E-05	5.13E-05	0.000199556	6.28E-05	3.82E-05	0.000201071	6.32E-05	0	2.51E-05	1.23E-05
Croceibacter	0	0	8.90E-06	1.30E-05	1.77E-05	0	7.01E-05	8.45E-06	0	0	2.64E-05	8.63E-06	0	0	0	0	0	0	0	0	0	0	0	0	0	0	0	0	1.26E-05	0	1.25E-05	0
Cronobacter	0	0	0	4.33E-06	4.43E-06	0	0	0	4.35E-06	0	0	0	8.32E-06	0	2.53E-05	0	8.88E-06	0	3.46E-05	0	0	8.46E-06	0	0	0	5.03E-05	0	1.26E-05	1.26E-05	0	1.25E-05	0
Cryptobacterium	4.59E-05	4.21E-05	0.000173623	6.06E-05	5.31E-05	8.94E-06	2.19E-05	5.91E-05	1.31E-05	0.000127767	7.93E-05	2.59E-05	8.32E-05	0.000100224	0.00010135	0.000102601	0.000124371	2.58E-05	0.000164347	8.57E-05	7.70E-05	0.000143886	8.62E-05	1.28E-05	4.99E-05	6.28E-05	6.37E-05	2.51E-05	0	1.34E-05	0	0
Cupriavidus	2.30E-06	4.21E-06	1.78E-05	3.46E-05	1.33E-05	0	0	1.27E-05	1.74E-05	3.99E-05	0	2.59E-05	8.32E-06	7.71E-06	0	1.71E-05	1.78E-05	8.60E-06	1.73E-05	0	0	1.69E-05	8.62E-06	2.57E-05	1.25E-05	2.51E-05	0	3.77E-05	1.26E-05	0	0	0
Cytophaga	6.89E-06	8.42E-06	2.23E-05	4.76E-05	1.77E-05	8.94E-06	3.51E-05	1.69E-05	3.05E-05	0	5.29E-05	0	8.32E-06	2.31E-05	1.69E-05	2.57E-05	0	0	3.46E-05	8.57E-06	8.56E-06	3.39E-05	1.72E-05	0	0	1.26E-05	0	1.26E-05	0	0	7.53E-05	1.23E-05
Dehalococcoides	6.89E-06	1.68E-05	4.45E-06	3.46E-05	1.77E-05	0	1.31E-05	8.45E-06	4.35E-06	7.99E-06	8.81E-05	0	1.66E-05	2.31E-05	4.22E-05	1.71E-05	8.88E-06	2.58E-05	1.73E-05	8.57E-06	0	5.92E-05	8.62E-06	0	1.25E-05	1.26E-05	1.27E-05	2.51E-05	3.79E-05	0	0	0
Delftia	0	0	0	8.66E-06	4.43E-06	0	4.38E-06	0	0	0	0	0	0	0	0	0	0	8.60E-06	0	0	0	0	0	0	0	0	0	0.00016337	0	0	0	0
Desulfitobacterium	0.000128618	0.000370322	0.00040067	0.000701627	0.000473657	0.000214557	0.000311174	0.000143571	0.000578961	0.00064682	0.000493575	0.000310841	0.000457487	0.000601341	0.000396956	0.000427504	0.00050637	0.000369998	0.000467092	0.000342727	9.41E-05	0.001303439	0.00040505	0.000166737	0.000486418	0.000226216	0.000267478	0.000477543	0.000316024	0.000120702	0.00025096	0.000234077
Desulfotalea	0	1.68E-05	4.45E-06	4.33E-06	0	0	1.75E-05	4.22E-06	8.71E-06	1.60E-05	8.81E-06	8.63E-06	8.32E-06	1.54E-05	0	0	8.88E-06	0	0	0	8.56E-06	0	8.62E-06	1.28E-05	0	3.77E-05	1.27E-05	0	0	0	2.51E-05	1.23E-05
Desulfotomaculum	9.42E-05	0.000134663	0.000258209	0.000138593	0.000252322	4.02E-05	0.000118334	8.87E-05	0.000100121	8.78E-05	0.000220346	0.000112248	0.000216267	0.000131062	0.00010135	9.41E-05	0.000159906	0.00020651	0.000138398	0.000111386	0.000111228	0.000355483	0.000129271	0.000128259	0.0002245	0.000125676	3.82E-05	0.000201071	8.85E-05	1.34E-05	0.000138028	7.39E-05
Desulfovibrio	6.43E-05	0.002482841	0.003098511	0.002602949	0.006316898	0.000160918	0.002217664	0.000139349	0.000204595	0.00129364	0.002600081	0.002227691	0.000149723	0.004826151	0.002035456	0.001393663	0.003766679	0.013010145	0.000527641	0.00197068	0.00025668	0.002217539	0.003705778	0.000705427	0.00798224	0.000779188	0.005960948	0.000113102	0.000214896	0.00010729	0.00025096	0.000110878
Dialister	6.20E-05	0.000319824	0.000427381	0.004157788	0.008207099	4.92E-05	0.000109568	8.87E-05	0.002633618	0.004447887	0.000193904	3.45E-05	0.002320707	0.000192738	0.005624952	0.017177106	5.33E-05	0.000335579	0.005907845	0.006734584	0.008752791	0.008819372	7.76E-05	0.000115433	0.006123874	0.000552972	0.002330884	0.006572499	0.000922789	0.00010729	8.78E-05	0.006849821
Dickeya	4.59E-06	2.95E-05	1.34E-05	8.66E-06	0	4.47E-06	1.31E-05	0	0	1.60E-05	8.81E-06	0	1.66E-05	0	0	1.71E-05	8.88E-06	0	2.59E-05	3.43E-05	0	0	0	0	2.49E-05	0.000150811	1.27E-05	0	0	0	1.25E-05	0
Dorea	0.008107543	0.002163017	0.001794109	0.000861875	0.002257616	0.002212617	0.002191368	0.004298696	0.002272312	0.003888907	0.001824464	0.00160601	0.009931626	0.005874643	0.010895178	0.01320132	0.014418208	0.000877668	0.000960133	0.004789609	0.006682239	0.001819736	0.002904296	0.001513461	0.005225872	0.001394998	0.001133599	0.001332093	0.001137685	0.006973875	0.003099355	0.003030676
Dyadobacter	1.38E-05	8.00E-05	6.23E-05	0.000134262	0.000106241	4.47E-05	3.51E-05	8.87E-05	0.000100121	7.99E-06	4.41E-05	0.000103614	6.65E-05	3.85E-05	3.38E-05	4.28E-05	8.88E-05	8.60E-05	4.32E-05	2.57E-05	5.99E-05	0.000143886	6.89E-05	5.13E-05	0	3.77E-05	1.27E-05	1.26E-05	7.58E-05	2.68E-05	6.27E-05	1.23E-05
Edwardsiella	4.59E-06	4.21E-06	0	8.66E-06	8.85E-06	0	0	8.45E-06	0	7.99E-06	8.81E-06	1.73E-05	8.32E-06	7.71E-06	3.38E-05	0	0	8.60E-06	6.92E-05	8.57E-06	8.56E-06	1.69E-05	0	0	0	3.77E-05	0	0	2.53E-05	0	2.51E-05	1.23E-05
Eggerthella	0.0026183	0.000972095	0.001718427	0.001849349	0.000779099	0.00201594	0.000556607	0.00168063	0.002533497	0.007610119	0.001366144	0.001329707	0.001289281	0.002320561	0.002930718	0.002838626	0.003233658	0.027767022	0.01066526	0.003607201	0.001334737	0.004832881	0.003542035	0.000808034	0.001983088	0.000703783	0.000343901	0.002186644	0.003425697	0.000576686	0.001794363	0.000529752
Enhydrobacter	2.30E-06	0	4.45E-06	0	0	4.47E-06	0	0	1.31E-05	0	0	0	0	0	0	0	0	0	0	0	0	8.46E-06	0	0	2.49E-05	0	0	0	0	0	0	0
Enterobacter	0	1.26E-05	4.45E-06	8.66E-06	8.85E-06	8.94E-06	8.77E-06	4.22E-06	1.74E-05	1.60E-05	0	0	8.32E-06	7.71E-06	2.53E-05	0	8.88E-06	8.60E-06	0.000164347	0.000805408	0	0	8.62E-06	0	0.001247225	0.002626618	0.000318427	0.000188504	3.79E-05	0	0	1.23E-05
Enterococcus	0.000231972	0.000416612	0.000409573	0.000268524	0.000274455	0.000111748	0.000162161	0.000181576	0.000304716	0.000383301	0.000334926	0.000241765	0.00056562	0.00030838	0.002440858	0.000530105	0.000612974	0.000361393	0.000337344	0.00028275	0.000179676	0.000397803	0.000258543	0.000525864	0.000261917	0.000150811	0.000292953	0.000666047	0.000227537	0.000657154	0.000552112	0.000505113
Erwinia	0	4.21E-06	0	0	1.77E-05	8.94E-06	0	0	8.71E-06	0	8.81E-06	0	0	7.71E-06	1.69E-05	0	8.88E-06	8.60E-06	0.000121098	8.57E-06	8.56E-06	0	8.62E-06	0	3.74E-05	1.26E-05	1.27E-05	0	0	0	0	2.46E-05
Erysipelothrix	4.13E-05	4.63E-05	0.000240402	3.46E-05	0.000123948	8.94E-06	2.19E-05	8.45E-06	5.22E-05	4.79E-05	6.17E-05	3.45E-05	9.98E-05	0.000123352	4.22E-05	1.71E-05	7.11E-05	4.30E-05	7.78E-05	5.14E-05	1.71E-05	2.54E-05	8.62E-06	0	0.00011225	0.00010054	6.37E-05	0.000251338	1.26E-05	0	7.53E-05	2.46E-05
Erythrobacter	0	4.21E-06	8.90E-06	0	4.43E-06	0	4.38E-06	0	4.35E-06	0	0	0	0	0	0	0	0	0	0	8.57E-06	0	0	0	0	0	0	1.27E-05	0	0	0	0	0
Escherichia/Shigella	0.000567334	0.000143079	0.001339994	0.001424888	0.00005315	0.000424614	0.00008768	0.0000929	0.000117521	0.000199594	0.000343784	0.0000345	0.003817893	0.00006171	0.000320947	0.000179552	0.000675206	0.005300429	0.013787854	0.002082016	0.000273796	0.012230319	0.000741157	0.000718253	0.009329243	0.001859992	0.000751476	0.000477576	0.000985993	0.000201147	0.000112932	0.004127141
Eubacterium	0.013158106	0.01329372	0.008454128	0.004647194	0.014386769	0.017128783	0.020620771	0.015839301	0.026079348	0.031342831	0.034426836	0.022164659	0.033737585	0.036234677	0.064315335	0.051368867	0.05694437	0.008509943	0.006193289	0.022294385	0.024085149	0.013686108	0.011643039	0.032052022	0.059068572	0.01236647	0.029180624	0.024304421	0.018645396	0.172509522	0.0381961	0.086497474
Exiguobacterium	1.38E-05	4.21E-05	5.79E-05	3.90E-05	3.10E-05	0	2.19E-05	8.45E-06	2.61E-05	2.40E-05	2.64E-05	6.04E-05	1.66E-05	1.54E-05	0.00010135	1.71E-05	8.88E-06	8.60E-06	4.32E-05	0	1.71E-05	5.92E-05	8.62E-06	0	0.000137195	1.26E-05	5.09E-05	1.26E-05	1.26E-05	1.34E-05	0	2.46E-05
Faecalibacterium	0.060765233	0.016466707	0.008044554	0.033019767	0.030880647	0.029742934	0.030911434	0.042497129	0.030819861	0.077107356	0.034532602	0.027543928	0.035110046	0.043890217	0.024712629	0.043725098	0.025700478	0.032843732	0.038171769	0.064449795	0.03112674	0.015971358	0.064359891	0.115587364	0.055239592	0.130099284	0.107449911	0.018661874	0.029289073	0.003942922	0.041057043	0.103868424
Finegoldia	6.89E-05	4.63E-05	6.23E-05	5.20E-05	8.85E-05	8.94E-06	6.14E-05	2.96E-05	3.05E-05	6.39E-05	7.93E-05	6.04E-05	8.32E-05	9.25E-05	6.76E-05	8.55E-05	1.78E-05	8.60E-06	8.65E-06	8.57E-05	8.56E-06	0.000101567	3.45E-05	2.57E-05	7.48E-05	6.28E-05	1.27E-05	2.51E-05	1.26E-05	4.02E-05	5.02E-05	6.16E-05
Fusobacterium	4.82E-05	0.000143079	6.68E-05	8.66E-05	0.000181495	4.92E-05	0.000100803	0.000135126	9.14E-05	0.000119782	0.000105766	0.000138151	0.000108133	0.000107933	0.000135134	4.28E-05	7.11E-05	8.60E-05	5.19E-05	6.85E-05	5.13E-05	0.000135422	8.62E-05	0.000179563	0.000349223	0.000125676	7.64E-05	5.03E-05	6.32E-05	0.000885146	3.76E-05	7.39E-05
Gardnerella	3.67E-05	2.10E-05	2.67E-05	4.33E-05	7.08E-05	2.68E-05	1.75E-05	1.69E-05	2.61E-05	7.99E-06	1.76E-05	2.59E-05	0.000116451	3.08E-05	3.38E-05	3.42E-05	5.33E-05	4.30E-05	6.92E-05	2.57E-05	6.84E-05	5.08E-05	6.03E-05	2.57E-05	6.24E-05	3.77E-05	1.27E-05	0.000238771	3.79E-05	4.02E-05	8.78E-05	7.39E-05
Gemella	4.59E-06	1.26E-05	5.34E-05	4.33E-06	1.77E-05	1.79E-05	8.77E-06	4.22E-06	2.18E-05	7.99E-06	4.41E-05	0	8.32E-06	4.63E-05	2.53E-05	0	0	0	0	0	0	9.31E-05	8.62E-06	3.85E-05	3.74E-05	0	0	0.000226205	0	0	0	8.62E-05
Geobacillus	2.30E-05	2.95E-05	0.000209239	9.53E-05	0.000159361	1.79E-05	5.26E-05	4.22E-05	5.66E-05	3.99E-05	4.41E-05	2.59E-05	6.65E-05	7.71E-05	5.07E-05	0.000119701	0.00016879	5.16E-05	5.19E-05	6.00E-05	1.71E-05	0.000110031	6.03E-05	0	0.000124722	2.51E-05	1.27E-05	5.03E-05	1.26E-05	2.68E-05	3.76E-05	8.62E-05
Geobacter	2.30E-05	5.89E-05	7.57E-05	9.53E-05	0.000159361	2.23E-05	8.77E-05	3.38E-05	6.96E-05	7.19E-05	0.000105766	6.91E-05	6.65E-05	6.17E-05	9.29E-05	5.99E-05	9.77E-05	1.72E-05	6.05E-05	5.14E-05	5.13E-05	7.62E-05	9.48E-05	6.41E-05	0.00011225	1.26E-05	7.64E-05	5.03E-05	2.53E-05	5.36E-05	6.27E-05	2.46E-05
Gluconacetobacter	0	4.63E-05	4.45E-06	8.66E-06	1.77E-05	1.34E-05	4.38E-06	2.11E-05	1.31E-05	7.99E-06	8.81E-06	8.63E-06	0	0	0	2.57E-05	8.88E-06	2.58E-05	0	0	0	0	0	1.28E-05	0	2.51E-05	1.27E-05	0	0	0	2.51E-05	0
Gordonia	0	0	4.45E-06	0	0	0	0	0	0	0	0	0	0	0	0	8.55E-06	0	8.60E-06	0	0	0	0	0	0	0	0	0	0	0	0	0	0
Granulibacter	0	4.21E-06	0	4.33E-06	2.21E-05	0	4.38E-06	0	0	0	0	0	8.32E-06	0	0	8.55E-06	0	0	0	0	0	8.46E-06	0	0	0	0	0	0	0	0	0	0
Granulicatella	1.38E-05	4.21E-06	1.78E-05	2.60E-05	5.31E-05	8.94E-06	4.38E-06	4.22E-06	1.31E-05	5.59E-05	8.81E-06	2.59E-05	0	0	7.60E-05	1.71E-05	1.78E-05	8.60E-06	8.65E-06	2.57E-05	5.13E-05	8.46E-05	0	0	1.25E-05	1.26E-05	0	2.51E-05	0	1.34E-05	0	1.23E-05
Haemophilus	1.38E-05	1.68E-05	1.78E-05	2.17E-05	3.54E-05	8.94E-06	7.45E-05	1.69E-05	1.74E-05	7.99E-06	0.000141021	5.18E-05	0.000316082	0	9.29E-05	0	6.22E-05	0	5.19E-05	3.43E-05	0.000265236	8.46E-06	0.000206834	2.57E-05	2.49E-05	6.28E-05	1.27E-05	2.51E-05	3.79E-05	0	1.25E-05	0
Halothermothrix	1.38E-05	2.10E-05	4.45E-05	5.20E-05	1.77E-05	4.47E-06	5.70E-05	8.45E-06	8.71E-06	2.40E-05	1.76E-05	8.63E-06	4.99E-05	7.71E-06	0	8.55E-06	2.67E-05	2.58E-05	3.46E-05	3.43E-05	8.56E-06	4.23E-05	1.72E-05	0	9.98E-05	5.03E-05	2.55E-05	2.51E-05	0	0	1.25E-05	1.23E-05
Helicobacter	7.58E-05	2.10E-05	5.34E-05	8.66E-06	4.43E-05	8.94E-06	8.77E-06	1.27E-05	0	0	1.76E-05	2.59E-05	0	3.08E-05	2.53E-05	1.71E-05	4.44E-05	8.60E-06	3.46E-05	8.57E-06	2.57E-05	0	3.45E-05	1.28E-05	1.25E-05	1.26E-05	0	0	2.53E-05	0	2.51E-05	1.23E-05
Heliobacterium	4.82E-05	8.84E-05	0.000106845	0.000220882	0.000203628	7.60E-05	7.45E-05	0.000105567	0.000165417	0.000199636	0.000176277	0.000112248	0.000224585	0.000185028	0.000177363	0.000230852	0.000195441	0.000137673	0.000129748	0.000154227	6.84E-05	0.000245453	0.000172362	0.000102608	0.00011225	0.000226216	0.000140108	0.000402141	0.000151691	0.000120702	0.000238412	0.000221757
Herminiimonas	0	4.21E-06	8.90E-06	1.30E-05	0	4.47E-06	4.38E-06	0	0	0	0	0	0	0	0	0	0	0	2.59E-05	0	0	8.46E-06	8.62E-06	0	1.25E-05	0	0	0	0	1.34E-05	0	0
Histophilus	0	4.21E-06	1.78E-05	4.33E-06	1.33E-05	0	0	0	2.18E-05	0	0	0	0	4.63E-05	0	5.13E-05	0	0	0	1.71E-05	0	8.46E-06	2.59E-05	0	0	0	3.82E-05	1.26E-05	0	0	0	0
Holdemania	0.000776303	0.000403988	0.000877021	0.001611143	0.000615311	0.000527452	0.000315557	0.000367374	0.000596373	0.000630849	0.000678665	0.000733929	0.001014789	0.000886593	0.000684116	0.000513005	0.000684043	0.000739995	0.000596839	0.000685454	0.000119784	0.001591211	0.000715301	0.000628471	0.001060141	0.001030539	0.001006228	0.003191997	0.001087121	0.000134113	0.000589756	0.000960946
Idiomarina	2.30E-06	4.21E-06	0	4.33E-06	0	0	8.77E-06	4.22E-06	4.35E-06	0	0	0	8.32E-06	0	0	0	0	8.60E-06	1.73E-05	0	0	0	0	0	0	0	0	0	1.26E-05	0	0	0
Kingella	0	4.21E-06	0	4.33E-06	0	0	4.38E-06	4.22E-06	2.61E-05	7.99E-06	8.81E-06	0	0	0	1.69E-05	8.55E-06	0	0	0	8.57E-06	0	8.46E-06	0	0	0	0	1.27E-05	0	0	0	0	1.23E-05
Klebsiella	6.89E-06	0	4.45E-06	4.33E-06	8.85E-06	0	0	0	4.35E-06	7.99E-06	8.81E-06	0	8.32E-06	0	0.000109796	0	8.88E-06	1.72E-05	0.222854622	0.006503243	0	0	1.72E-05	0.000936294	0.000823168	0.016966193	0.001719504	0.000125669	0.000417151	2.68E-05	0	4.93E-05
Kytococcus	2.30E-06	0	4.45E-06	0	0	0	0	0	0	0	0	0	0	0	0	0	0	0	0	0	0	0	0	0	0	1.26E-05	0	0	0	0	0	0
Lactobacillus	0.000358294	0.000496568	0.00077908	0.000320496	0.001004861	0.000169857	0.000219137	0.000249139	0.000474487	0.000479126	0.000467133	0.000431723	0.000415897	0.000555084	0.014754943	0.000495905	0.000533021	0.000447439	0.001046631	0.000454113	0.00498815	0.000795606	0.000413668	0.000666949	0.000648557	0.00061581	0.000420323	0.001043054	0.000328665	0.000187758	0.000276056	0.000911667
Lactococcus	0.000229675	1.68E-05	3.56E-05	0.000108276	2.66E-05	3.13E-05	3.94E-05	4.22E-06	0.000134946	2.40E-05	8.81E-06	4.32E-05	0.000266174	6.94E-05	0.000118242	7.70E-05	0.000524137	1.72E-05	1.73E-05	1.71E-05	3.42E-05	8.46E-06	2.59E-05	1.28E-05	0	5.03E-05	1.27E-05	3.77E-05	0	0.00061692	0	4.93E-05
Laribacter	2.30E-06	8.42E-06	8.90E-06	4.33E-06	4.43E-06	0	0	0	0	0	0	0	8.32E-06	0	0	8.55E-06	0	0	0	0	0	0	8.62E-06	1.28E-05	1.25E-05	0	0	0	0	0	0	0
Lawsonia	2.30E-06	0	0	0	1.77E-05	4.47E-06	8.77E-06	1.27E-05	1.31E-05	2.40E-05	0	0	0	1.54E-05	0	8.55E-06	0	0	0	0	0	0	1.72E-05	1.28E-05	2.49E-05	2.51E-05	2.55E-05	0	0	0	0	0
Leptothrix	2.30E-06	8.42E-06	0	4.33E-06	4.43E-06	0	4.38E-06	0	0	0	0	1.73E-05	1.66E-05	7.71E-06	0	1.71E-05	0	1.72E-05	0	8.57E-06	0	0	1.72E-05	0	0	0	0	0	0	0	0	0
Leuconostoc	4.13E-05	1.26E-05	1.78E-05	1.73E-05	2.66E-05	1.34E-05	7.01E-05	4.22E-06	4.35E-06	3.99E-05	1.76E-05	3.45E-05	8.32E-06	1.54E-05	2.53E-05	2.57E-05	8.88E-05	1.72E-05	1.73E-05	0	8.56E-06	2.54E-05	1.72E-05	2.57E-05	1.25E-05	0	5.09E-05	1.26E-05	1.26E-05	0	1.25E-05	1.23E-05
Listeria	7.35E-05	8.42E-05	0.000244854	7.80E-05	0.000168215	4.02E-05	6.57E-05	5.91E-05	0.000121886	6.39E-05	0.000149835	8.63E-05	9.98E-05	0.000138771	6.76E-05	0.000171002	0.000293161	8.60E-05	0.000112448	0.000222772	5.99E-05	0.000169278	0.000146508	6.41E-05	0.000236973	6.28E-05	2.55E-05	0.000113102	0.000113769	0	0.000213316	0.000184797
Macrococcus	4.59E-06	4.21E-06	6.23E-05	4.33E-06	1.33E-05	0	0	0	0	0	8.81E-06	0	8.32E-06	0	1.69E-05	0	8.88E-06	0	0	0	8.56E-06	0	0	0	1.25E-05	0	0	0	0	0	0	0
Magnetospirillum	0	3.79E-05	2.23E-05	2.17E-05	0.000247895	4.47E-06	8.33E-05	2.53E-05	4.35E-05	7.99E-06	2.64E-05	3.45E-05	8.32E-06	7.71E-06	8.45E-06	8.55E-06	1.78E-05	0	0	8.57E-06	0	8.46E-06	5.17E-05	1.28E-05	1.25E-05	0	0	1.26E-05	0	5.36E-05	0	0
Megasphaera	2.30E-05	6.31E-05	6.23E-05	0.001364274	0.000132801	8.94E-05	6.57E-05	6.76E-05	4.79E-05	4.79E-05	8.81E-05	2.59E-05	7.49E-05	7.71E-05	0.000869925	5.13E-05	5.33E-05	0.00919831	0.000138398	8.57E-05	0.000145452	0.000211597	7.76E-05	1.28E-05	0.010414328	0.035541033	0.000203793	0.000201071	3.79E-05	0.000134113	0.000100384	0.003424911
Mesoplasma	0	0	0	0	0	4.47E-06	0	0	0	0	0	0	0	0	0	0	0	0	0	0	0	0	0	0	0	0	0	0	0	0	0	0
Mesorhizobium	0	4.21E-06	4.45E-06	8.66E-06	1.33E-05	0	0	0	0	0	2.64E-05	0	8.32E-06	7.71E-06	0	1.71E-05	1.78E-05	8.60E-06	6.05E-05	1.71E-05	8.56E-06	1.69E-05	0	1.28E-05	1.25E-05	1.26E-05	0	1.26E-05	0	0	5.02E-05	0
Methanobrevibacter	0.006486035	4.21E-05	0.003997792	0.000129931	0.000159361	4.47E-06	0.000140248	1.69E-05	6.96E-05	0.000702718	0.001048846	5.18E-05	4.16E-05	0.006591627	0.004425638	0.000162451	3.55E-05	6.02E-05	0.00056224	4.28E-05	0.000350796	0.00894633	0.002912914	3.85E-05	0.000149667	1.26E-05	1.27E-05	5.03E-05	6.32E-05	0	1.25E-05	2.46E-05
Methanocella	0	0	0	8.66E-06	8.85E-06	0	4.38E-06	8.45E-06	8.71E-06	0	0	0	1.66E-05	0	0	0	0	8.60E-06	0	0	0	1.69E-05	1.72E-05	0	0	0	0	0	0	0	0	0
Methanosphaera	4.59E-06	0	4.45E-06	0	0	1.34E-05	1.75E-05	0	0	0.000199636	0.000396623	8.63E-06	0	0	1.69E-05	4.28E-05	0	0	0	0	5.13E-05	0.000643256	0.000249925	1.28E-05	0	0	0	0	0	0	0	0
Methylibium	4.59E-06	0	4.45E-06	1.30E-05	4.43E-06	0	0	4.22E-06	0	0	8.81E-06	0	0	0	0	8.55E-06	0	0	0	0	0	0	8.62E-06	0	1.25E-05	0	0	0	0	0	0	1.23E-05
Methylobacillus	0	0	0	0	4.43E-06	0	8.77E-06	0	0	0	0	8.63E-06	0	0	0	0	0	0	0	0	0	8.46E-06	0	1.28E-05	0	0	0	0	0	0	0	0
Methylobacterium	4.59E-06	3.79E-05	2.23E-05	1.73E-05	3.54E-05	2.23E-05	1.75E-05	8.45E-06	3.48E-05	3.99E-05	2.64E-05	0	8.32E-06	2.31E-05	0	8.55E-06	1.78E-05	2.58E-05	1.73E-05	2.57E-05	1.71E-05	3.39E-05	2.59E-05	1.28E-05	1.25E-05	3.77E-05	0	1.26E-05	0	0	2.51E-05	0
Micrococcus	0	4.21E-06	4.45E-06	1.30E-05	1.33E-05	0	8.77E-06	0	1.31E-05	0	1.76E-05	0	1.66E-05	0	0	0	8.88E-06	0	8.65E-06	8.57E-06	0	2.54E-05	0	0	2.49E-05	0	0	0	0	0	0	1.23E-05
Mitsuokella	4.59E-05	3.37E-05	0.000106845	0.006886336	0.002948181	2.23E-05	0.012692402	0.000477164	0.000161064	0.000111796	9.70E-05	5.18E-05	0.000257856	3.08E-05	0.000278714	7.70E-05	0.000115488	0.000180696	4.32E-05	6.85E-05	0.000179676	9.31E-05	0.007540828	0.000166737	0.044900097	0.069800176	0.000458534	3.77E-05	7.58E-05	0.000187758	0.000100384	0.000172478
Mobiluncus	6.20E-05	8.42E-06	8.46E-05	9.53E-05	5.31E-05	3.13E-05	8.33E-05	6.33E-05	9.14E-05	0.000159709	6.17E-05	6.91E-05	6.65E-05	6.17E-05	8.45E-05	3.42E-05	6.22E-05	0.000283952	0.000138398	0.000119954	0.000136896	0.000186206	0.000112035	1.28E-05	0.000449001	7.54E-05	0.000127371	3.77E-05	3.79E-05	4.02E-05	2.51E-05	0
Moorella	9.19E-06	1.26E-05	4.01E-05	1.73E-05	2.21E-05	4.47E-06	4.38E-06	0	3.92E-05	2.40E-05	0	0	2.50E-05	3.08E-05	0	0	5.33E-05	0	5.19E-05	0	8.56E-06	1.69E-05	8.62E-06	2.57E-05	3.74E-05	0	0	0	0	1.34E-05	2.51E-05	1.23E-05
Mycoplasma	2.30E-05	3.37E-05	0.012447468	3.46E-05	0.000115094	1.34E-05	3.07E-05	2.53E-05	2.61E-05	3.99E-05	0.000132208	6.04E-05	3.33E-05	0.000169609	9.29E-05	6.84E-05	8.88E-06	5.16E-05	1.73E-05	9.42E-05	3.42E-05	5.92E-05	0	1.28E-05	2.49E-05	2.51E-05	0	0.000125669	0	0	0	0
Neisseria	1.15E-05	2.95E-05	3.56E-05	6.50E-05	7.08E-05	5.81E-05	2.19E-05	5.91E-05	3.05E-05	1.60E-05	6.17E-05	0.000103614	2.50E-05	1.54E-05	5.07E-05	2.57E-05	1.78E-05	0	2.59E-05	1.71E-05	5.13E-05	3.39E-05	6.89E-05	6.41E-05	0	1.26E-05	1.27E-05	1.26E-05	2.53E-05	0	7.53E-05	6.16E-05
Nitrosococcus	0	1.26E-05	4.45E-06	1.73E-05	4.43E-06	8.94E-06	0	4.22E-06	1.31E-05	7.99E-06	4.41E-05	8.63E-06	1.66E-05	0	0	1.71E-05	1.78E-05	8.60E-06	0	8.57E-06	0	8.46E-06	8.62E-06	0	0	1.26E-05	0	1.26E-05	0	0	0	0
Nitrosomonas	4.59E-06	4.21E-06	8.90E-06	0	4.43E-06	8.94E-06	2.63E-05	1.69E-05	8.71E-06	1.60E-05	8.81E-06	8.63E-06	8.32E-06	0	8.45E-06	8.55E-06	6.22E-05	8.60E-06	3.46E-05	3.43E-05	0	4.23E-05	0	0	0	1.26E-05	0	2.51E-05	0	0	0	0
Nitrosospira	0	4.21E-06	0	2.17E-05	4.43E-06	4.47E-06	0	0	0	0	0	2.59E-05	0	0	8.45E-06	0	0	0	0	0	0	0	0	0	0	0	0	0	0	1.34E-05	0	0
Nocardia	4.59E-06	4.21E-05	0	3.46E-05	1.77E-05	4.47E-06	1.31E-05	8.45E-06	4.35E-06	7.99E-06	0	0	8.32E-06	0.000107933	8.45E-06	0	0	0	2.59E-05	0	0	0	1.72E-05	1.28E-05	3.74E-05	0	0	0	2.53E-05	0	0	1.23E-05
Oceanobacillus	6.89E-06	8.42E-06	4.45E-06	8.66E-06	1.33E-05	4.47E-06	4.38E-06	2.53E-05	4.35E-06	7.99E-06	1.76E-05	0	0	1.54E-05	0	4.28E-05	5.33E-05	0	8.65E-06	3.43E-05	0	4.23E-05	8.62E-06	0	0	1.26E-05	0	0	0	0	1.25E-05	1.23E-05
Opitutus	6.89E-06	3.37E-05	6.23E-05	6.50E-05	3.54E-05	1.79E-05	8.77E-06	2.96E-05	6.53E-05	2.40E-05	5.29E-05	1.73E-05	4.99E-05	2.31E-05	5.07E-05	3.42E-05	7.11E-05	2.58E-05	7.78E-05	3.43E-05	8.56E-06	3.39E-05	4.31E-05	1.28E-05	0.00011225	2.51E-05	5.09E-05	0	0	6.71E-05	0	3.70E-05
Oribacterium	0.000257236	0.000345073	0.000329439	0.00063233	0.000619738	0.000111748	0.000214754	0.000177353	0.000300363	0.000335388	0.000475947	0.00023313	0.000540666	0.000424023	0.000456077	0.000401854	0.000595206	0.000283952	0.000518991	0.000634045	0.0002139	0.000592472	0.000336105	0.000589993	0.00049889	0.000276486	0.000254741	0.000590645	0.000391869	0.000214581	0.000225864	0.000431194
Paenibacillus	0.000392745	0.000483944	0.000983866	0.001204026	0.000920753	0.000187737	0.00041636	0.000198466	0.000578961	0.000742645	0.00064341	0.000423089	0.000914974	0.000886593	0.000515198	0.000769507	0.00050637	0.000757204	0.000942833	0.000694022	0.000119784	0.000922564	0.000594648	0.000397604	0.001459253	0.000578107	0.000827909	0.001080755	0.000467715	0.000214581	0.00043918	0.000628311
Pantoea	6.89E-06	2.10E-05	2.23E-05	1.30E-05	1.33E-05	0	0	8.45E-06	8.71E-06	1.60E-05	0	8.63E-06	3.33E-05	7.71E-06	8.45E-06	2.57E-05	1.78E-05	8.60E-06	9.51E-05	0.000239909	0	0	8.62E-06	0	7.48E-05	6.28E-05	2.55E-05	1.26E-05	2.53E-05	5.36E-05	1.25E-05	8.62E-05
Parabacteroides	0.001920087	0.004919392	0.007884287	0.003560106	0.006064577	0.007540777	0.003120508	0.02199598	0.013864584	0.004136455	0.006240195	0.013055304	0.011961205	0.005658777	0.007956014	0.017211307	0.016559174	0.025882616	0.002569004	0.015628347	0.003439513	0.006390236	0.002499246	0.004899509	0.004914066	0.004097021	0.00812625	0.00811823	0.017166405	0.013076015	0.034557181	0.002192928
Paracoccus	0	4.21E-06	4.45E-06	8.66E-06	8.85E-06	0	0	8.45E-06	0	0	0	0	0	7.71E-06	0	0	0	1.72E-05	0	0	0	8.46E-06	0	0	0	0	0	0	0	0	0	0
Parascardovia	8.96E-05	8.42E-06	2.67E-05	4.33E-05	8.85E-06	1.79E-05	8.77E-06	8.45E-06	8.71E-06	3.19E-05	1.76E-05	0	1.66E-05	1.54E-05	4.22E-05	2.57E-05	1.78E-05	3.44E-05	0.000103798	2.57E-05	9.41E-05	3.39E-05	1.72E-05	1.28E-05	2.49E-05	6.28E-05	0	3.77E-05	3.79E-05	0	0	2.46E-05
Parvibaculum	2.30E-06	4.21E-06	0	0	3.54E-05	0	0	0	4.35E-06	0	0	0	0	0	8.45E-06	0	0	0	0	0	0	0	0	0	0	0	0	0	0	0	0	0
Pasteurella	2.30E-06	4.21E-06	4.45E-06	0	8.85E-06	0	0	0	4.35E-06	7.99E-06	1.76E-05	1.73E-05	2.50E-05	7.71E-06	1.69E-05	0	0	0	8.65E-06	8.57E-06	8.56E-06	1.69E-05	1.72E-05	1.28E-05	0	1.26E-05	0	0	2.53E-05	4.02E-05	1.25E-05	0
Pectobacterium	2.30E-06	3.79E-05	0	0	8.85E-06	4.47E-06	0	8.45E-06	4.35E-06	1.60E-05	1.76E-05	0	3.33E-05	7.71E-06	1.69E-05	1.71E-05	0	8.60E-06	4.32E-05	5.14E-05	1.71E-05	4.23E-05	8.62E-06	0	1.25E-05	0.000113108	1.27E-05	5.03E-05	0	2.68E-05	1.25E-05	3.70E-05
Pediococcus	4.59E-06	0	8.46E-05	1.30E-05	0	0	0	8.45E-06	4.35E-06	0	1.76E-05	0	8.32E-06	0	8.45E-05	8.55E-06	8.88E-06	0	0	0	2.57E-05	0	0	0	2.49E-05	0	0	0	0	0	0	1.23E-05
Pedobacter	5.74E-05	0.000530234	0.000333891	0.001645791	0.000491364	0.000178797	0.000337471	0.000485609	0.000975092	0.000319417	0.000907825	0.000492164	0.000374308	0.000439442	0.000304051	0.000273602	0.000186557	0.000387207	0.000882284	0.00051409	0.000316572	0.000897172	0.000517085	7.70E-05	0.000124722	0.000150811	0.000229267	0.000125669	0.000252819	8.05E-05	0.000301152	0.000172478
Pelagibacter	0	0	8.90E-06	4.33E-06	8.85E-06	4.47E-06	4.38E-06	0	0	7.99E-06	0	0	8.32E-06	0	0	0	0	0	0	0	0	0	0	0	0	0	1.27E-05	2.51E-05	0	0	0	0
Pelobacter	2.30E-06	1.68E-05	1.34E-05	4.33E-06	1.33E-05	4.47E-06	1.31E-05	4.22E-06	4.35E-06	0	1.76E-05	0	0	1.54E-05	3.38E-05	8.55E-06	1.78E-05	8.60E-06	2.59E-05	8.57E-06	8.56E-06	3.39E-05	0	0	1.25E-05	0	0	2.51E-05	0	0	0	0
Pelotomaculum	1.61E-05	4.63E-05	5.34E-05	2.17E-05	2.66E-05	4.47E-06	8.77E-06	4.22E-06	8.71E-06	2.40E-05	8.81E-06	0	3.33E-05	1.54E-05	5.91E-05	3.42E-05	2.67E-05	8.60E-06	2.59E-05	2.57E-05	2.57E-05	3.39E-05	1.72E-05	0	4.99E-05	1.26E-05	0	1.26E-05	2.53E-05	2.68E-05	2.51E-05	0
Peptoniphilus	3.67E-05	6.73E-05	0.00021369	8.66E-05	0.000106241	2.23E-05	6.14E-05	6.33E-05	6.53E-05	0.000103811	0.000167463	0.000112248	0.000124769	0.0001619	5.91E-05	6.84E-05	0.000186557	3.44E-05	1.73E-05	8.57E-05	0	0.000101567	0.000103417	0.000141085	7.48E-05	2.51E-05	2.55E-05	6.28E-05	6.32E-05	6.71E-05	2.51E-05	0.000283356
Peptostreptococcus	3.90E-05	9.68E-05	0.000227046	4.33E-05	0.000115094	8.94E-06	2.19E-05	6.33E-05	0.00011318	3.99E-05	0.00011458	0.00023313	0.000224585	0.000238995	0.00010135	0.000119701	9.77E-05	6.02E-05	8.65E-06	6.85E-05	8.56E-06	0.000600936	0	6.41E-05	6.24E-05	7.54E-05	1.27E-05	6.28E-05	5.06E-05	0.00010729	8.78E-05	1.23E-05
Photobacterium	0	1.26E-05	1.78E-05	2.17E-05	4.43E-05	8.94E-06	2.19E-05	3.38E-05	0	3.19E-05	8.81E-06	8.63E-06	8.32E-06	7.71E-06	3.38E-05	8.55E-06	0	8.60E-06	0	0	1.71E-05	8.46E-06	3.45E-05	3.85E-05	4.99E-05	0	0	5.03E-05	1.26E-05	0	0	3.70E-05
Photorhabdus	0	0	4.45E-06	0	1.33E-05	0	0	0	0	0	8.81E-06	1.73E-05	0	0	8.45E-06	0	0	0	0	8.57E-06	0	0	0	0	0	0	0	0	0	0	0	1.23E-05
Polaromonas	4.59E-06	0	4.45E-06	8.66E-06	1.33E-05	8.94E-06	4.38E-06	0	1.74E-05	7.99E-06	1.76E-05	0	0	1.54E-05	8.45E-06	0	0	8.60E-06	0	0	4.28E-05	8.46E-06	0	0	0	0	0	0	1.26E-05	0	2.51E-05	0
Polynucleobacter	0	0	8.90E-06	2.17E-05	1.77E-05	0	0	0	0	0	8.81E-06	0	0	1.54E-05	8.45E-06	0	0	0	0	0	0	1.69E-05	8.62E-06	0	0	0	0	0	0	0	1.25E-05	0
Porphyromonas	2.07E-05	0.000483944	0.000373958	0.000433103	0.000677285	0.000621321	0.000455804	0.000426491	0.000565901	0.000207621	0.000625782	0.000371282	0.000357672	0.000346928	0.000489861	0.000273602	0.000248743	0.000154883	0.000320044	0.000351295	0.000376464	0.000533225	0.00076701	0.000256519	0.000162139	0.000276486	0.000407586	0.000351874	0.000872225	0.00030846	0.000338796	0.000110878
Propionibacterium	4.59E-06	0	4.45E-05	2.60E-05	1.77E-05	1.79E-05	1.31E-05	4.22E-06	0.000143652	0.000167694	0.000105766	0	0	1.54E-05	2.53E-05	3.42E-05	2.67E-05	0.000137673	6.92E-05	8.57E-06	1.71E-05	5.92E-05	1.72E-05	0	3.74E-05	1.26E-05	0.000114634	0	0	0	0.000100384	0
Prosthecochloris	0	4.21E-06	0	0	4.43E-06	8.94E-06	1.75E-05	0	4.35E-06	0	0	0	8.32E-06	0	0	0	8.88E-06	0	0	0	0	0	0	0	1.25E-05	0	0	0	0	0	0	0
Proteus	0	4.21E-06	0	8.66E-06	1.77E-05	4.47E-06	4.38E-06	4.22E-06	1.74E-05	7.99E-06	0	8.63E-06	0	0	0	8.55E-06	8.88E-06	0	1.73E-05	0	0	0	0	1.28E-05	2.49E-05	1.26E-05	2.55E-05	1.26E-05	0	0	0	3.70E-05
Providencia	4.59E-06	1.26E-05	4.45E-06	2.17E-05	8.85E-06	8.94E-06	8.77E-06	1.27E-05	0	7.99E-06	0	1.73E-05	1.66E-05	7.71E-06	5.07E-05	8.55E-06	0	1.72E-05	0.000216246	6.00E-05	8.56E-06	2.54E-05	3.45E-05	1.28E-05	4.99E-05	2.51E-05	3.82E-05	3.77E-05	2.53E-05	0	0	0
Pseudomonas	2.30E-05	0.000105205	4.90E-05	8.23E-05	4.87E-05	4.47E-05	1.75E-05	3.80E-05	4.35E-05	7.19E-05	4.41E-05	2.59E-05	3.33E-05	6.17E-05	6.76E-05	3.42E-05	8.00E-05	2.58E-05	0.000129748	7.71E-05	8.56E-05	4.23E-05	0.000120653	7.70E-05	1.25E-05	0.000138243	0	8.80E-05	1.26E-05	0.000120702	7.53E-05	0.000147838
Pyramidobacter	4.36E-05	0.000159912	0.00023595	0.000415779	0.000194775	4.92E-05	0.000113951	0.000114013	0.000187183	0.000223592	0.000290857	6.04E-05	0.000133087	0.000215866	0.000261822	0.000128251	0.000204325	0.003140676	0.000302745	7.71E-05	0.000248124	0.001057986	0.000112035	0.000141085	0.000199556	0.000163378	0.000178319	0.000188504	0.00013905	0.000120702	0.000163124	0.000135518
Ralstonia	4.59E-06	1.26E-05	1.34E-05	2.17E-05	1.33E-05	4.47E-06	1.75E-05	1.27E-05	0	1.60E-05	8.81E-06	2.59E-05	0	0	3.38E-05	0	8.88E-06	8.60E-06	0	6.00E-05	2.57E-05	0	1.72E-05	0	0	1.26E-05	1.27E-05	7.54E-05	0	4.02E-05	2.51E-05	3.70E-05
Rhizobium	2.30E-05	2.10E-05	1.34E-05	8.66E-06	2.21E-05	8.94E-06	1.31E-05	1.69E-05	8.71E-06	7.99E-06	1.76E-05	0	8.32E-06	1.54E-05	3.38E-05	8.55E-06	4.44E-05	1.72E-05	8.65E-06	8.57E-06	8.56E-06	1.69E-05	0	2.57E-05	1.25E-05	2.51E-05	0	1.26E-05	0	0	0	0
Rhodococcus	1.61E-05	2.95E-05	3.56E-05	4.76E-05	5.75E-05	8.94E-06	1.31E-05	4.22E-06	3.05E-05	2.40E-05	2.64E-05	0	2.50E-05	6.17E-05	2.53E-05	1.71E-05	3.55E-05	4.30E-05	1.73E-05	0.000145659	8.56E-06	5.08E-05	3.45E-05	0	2.49E-05	0	0	6.28E-05	2.53E-05	0	2.51E-05	0
Rhodospirillum	0	5.05E-05	4.45E-06	0	0.000172641	0	0.000113951	4.22E-05	3.48E-05	2.40E-05	4.41E-05	1.73E-05	2.50E-05	0	8.45E-06	1.71E-05	1.78E-05	0	0	0	1.71E-05	3.39E-05	8.62E-06	0	0	2.51E-05	0	1.26E-05	0	0	0	0
Rickettsia	0	3.79E-05	4.45E-06	1.30E-05	1.77E-05	0	2.19E-05	4.22E-06	2.18E-05	1.60E-05	8.81E-06	8.63E-06	4.16E-05	4.63E-05	0	0	1.78E-05	0	0	2.57E-05	0	1.69E-05	0	0	3.74E-05	2.51E-05	3.82E-05	0	2.53E-05	0	0	2.46E-05
Roseburia	0.00715439	0.009876658	0.003481373	0.003499472	0.018481465	0.001081724	0.0046457	0.003652625	0.010795657	0.011227521	0.005129652	0.011406122	0.012842907	0.00733945	0.014400216	0.029608919	0.012810262	0.009525285	0.003200443	0.011524192	0.004500458	0.004917519	0.00658422	0.003706696	0.005138567	0.007377152	0.007260129	0.007364214	0.004639227	0.009066037	0.004554923	0.023272145
Rothia	0	1.26E-05	1.34E-05	8.66E-06	2.21E-05	4.47E-06	0	4.22E-06	1.31E-05	1.60E-05	0.000132208	0	8.32E-06	0	7.60E-05	8.55E-06	0	3.44E-05	0	1.71E-05	0.00012834	4.23E-05	2.59E-05	0	7.48E-05	0.0018977	1.27E-05	0.000427275	2.53E-05	0	2.51E-05	1.23E-05
Saccharopolyspora	0	0	4.45E-06	8.66E-06	4.43E-06	0	4.38E-06	4.22E-06	1.31E-05	0	0	0	0	0	8.45E-06	1.71E-05	0	8.60E-06	8.65E-06	8.57E-06	0	2.54E-05	8.62E-06	1.28E-05	1.25E-05	2.51E-05	0	1.26E-05	0	0	0	0
Salmonella	2.30E-06	1.68E-05	0	1.30E-05	0	8.94E-06	1.31E-05	1.27E-05	1.31E-05	1.60E-05	8.81E-06	8.63E-06	2.50E-05	0	5.91E-05	0	8.88E-06	4.30E-05	0.000371943	7.71E-05	1.71E-05	5.92E-05	1.72E-05	0	4.99E-05	0.000276486	5.09E-05	3.77E-05	3.79E-05	0	3.76E-05	2.46E-05
Selenomonas	0.000114838	0.000429237	0.000333891	0.000554372	0.000451523	0.000125158	0.000398829	0.000890987	0.000269891	0.000271505	0.000308484	0.000198593	0.000382625	0.000431732	0.00043074	0.000410404	0.000364231	0.000912087	0.000337344	0.000145659	0.000479136	0.000575544	0.000456759	0.000141085	0.002020504	0.00184743	0.000152845	0.000754015	0.000202255	0.000160936	0.000326248	0.000431194
Serratia	2.30E-06	1.68E-05	8.90E-06	8.66E-06	8.85E-06	1.34E-05	1.75E-05	4.22E-06	2.18E-05	1.60E-05	0	0	0	1.54E-05	1.69E-05	8.55E-06	8.88E-06	8.60E-06	1.73E-05	5.14E-05	0	1.69E-05	8.62E-06	1.28E-05	3.74E-05	0.000113108	1.27E-05	1.26E-05	3.79E-05	0.00010729	3.76E-05	0
Shewanella	2.07E-05	0.000168328	4.45E-05	0.000121269	7.97E-05	6.70E-05	4.82E-05	8.02E-05	5.66E-05	6.39E-05	6.17E-05	6.04E-05	9.15E-05	3.85E-05	5.07E-05	5.13E-05	3.55E-05	4.30E-05	4.32E-05	3.43E-05	0.000119784	4.23E-05	4.31E-05	2.57E-05	0.00011225	7.54E-05	1.27E-05	1.26E-05	2.53E-05	4.02E-05	6.27E-05	0
Shuttleworthia	8.73E-05	8.84E-05	0.000111297	0.000164579	0.000163788	2.23E-05	7.01E-05	7.18E-05	0.000108827	7.99E-05	0.000105766	6.04E-05	0.000199631	0.000231285	0.000194255	0.000265052	0.000186557	6.02E-05	0.000138398	0.000197068	1.71E-05	0.000135422	0.000103417	0.000102608	9.98E-05	8.80E-05	8.92E-05	0.00016337	0.000101128	5.36E-05	0.00012548	0.000184797
Slackia	0.00025494	0.000408196	0.000739013	0.000749268	0.000296589	7.15E-05	0.000280495	0.000270252	0.000326482	0.001141917	0.000722734	0.00023313	0.000291128	0.000986817	0.000658778	0.000495905	0.000692927	0.000292556	0.000726587	0.000385568	0.000539028	0.001074914	0.000965226	0.000128259	0.000473945	0.000578107	0.000114634	0.000389574	0.000113769	6.71E-05	0.000200768	0.000110878
Sodalis	0	0	0	0	0	0	0	0	0	0	0	0	8.32E-06	0	8.45E-06	0	0	0	0	0	0	0	0	0	2.49E-05	5.03E-05	0	0	0	0	0	0
Sphingobacterium	1.61E-05	0.000126246	8.01E-05	0.000108276	6.64E-05	7.60E-05	0.00036815	0.000118235	0.000130593	3.19E-05	6.17E-05	0.000120882	0.000149723	6.94E-05	0.000152026	9.41E-05	6.22E-05	1.72E-05	5.19E-05	5.14E-05	0.000248124	8.46E-05	0.000129271	6.41E-05	8.73E-05	3.77E-05	1.27E-05	5.03E-05	0.000126409	0.000429162	0.000175672	6.16E-05
Sphingobium	0	4.21E-06	1.34E-05	4.33E-06	1.33E-05	0	8.77E-06	8.45E-06	1.74E-05	0	1.76E-05	0	2.50E-05	0	0	8.55E-06	8.88E-06	0	2.59E-05	8.57E-06	0	0	0	0	1.25E-05	0	0	0	0	9.39E-05	0	0
Stackebrandtia	2.30E-06	0	4.45E-06	4.33E-06	8.85E-06	0	0	0	8.71E-06	7.99E-06	1.76E-05	0	8.32E-06	7.71E-06	0	0	0	0	2.59E-05	8.57E-06	0	8.46E-06	8.62E-06	0	0	0	1.27E-05	0	1.26E-05	0	0	0
Staphylococcus	3.90E-05	4.21E-05	0.000204787	3.90E-05	0.000216908	4.02E-05	3.51E-05	5.07E-05	5.22E-05	7.99E-05	9.70E-05	6.91E-05	0.000116451	0.000115643	0.000109796	5.99E-05	3.55E-05	3.44E-05	3.46E-05	3.43E-05	5.13E-05	0.000101567	3.45E-05	0.000102608	0.000124722	3.77E-05	7.64E-05	0.000289039	1.26E-05	2.68E-05	3.76E-05	0.000123198
Stenotrophomonas	0	4.21E-06	4.45E-06	1.30E-05	1.33E-05	4.47E-06	2.19E-05	4.22E-06	0	0	0	1.73E-05	0	0	8.45E-06	8.55E-06	0	8.60E-06	8.65E-06	0	0	8.46E-06	0	2.57E-05	1.25E-05	1.26E-05	6.37E-05	0	0	6.71E-05	8.78E-05	0
Streptobacillus	2.30E-06	0	0	8.66E-06	2.21E-05	0	0	4.22E-06	0	0	0	0	4.16E-05	2.31E-05	8.45E-06	1.71E-05	0	0	1.73E-05	1.71E-05	0	2.54E-05	0	0	0	0	0	0	0	0	0	1.23E-05
Streptococcus	0.001265512	0.00032824	0.000872569	0.000355144	0.000792379	0.002078519	0.000959819	0.001152794	0.001850062	0.000503082	0.000625782	0.000949791	0.000939928	0.000639889	0.010827611	0.00106876	0.000959437	0.000765809	0.000449792	0.000582636	0.027558887	0.001447325	0.000792864	0.00082086	0.001284642	0.004059319	0.00104444	0.003016061	0.001554836	0.002990719	0.000539564	0.000505113
Streptomyces	6.20E-05	3.37E-05	8.46E-05	0.000134262	0.000106241	1.34E-05	2.19E-05	4.22E-05	0.00011318	5.59E-05	4.41E-05	3.45E-05	2.50E-05	0.000100224	6.76E-05	2.57E-05	4.44E-05	0.000137673	0.000172997	6.85E-05	4.28E-05	0.000101567	8.62E-05	1.28E-05	9.98E-05	0.000125676	3.82E-05	0.000125669	3.79E-05	0	6.27E-05	1.23E-05
Subdoligranulum	0.021575711	0.004898351	0.002867013	0.036770438	0.006578074	0.000353125	0.006214719	0.005113675	0.012275707	0.027589676	0.003737066	0.002659414	0.012718138	0.01154884	0.007668854	0.014552232	0.01024288	0.005954378	0.019392954	0.022945566	0.007631955	0.007016564	0.020700651	0.016827632	0.005687346	0.018989569	0.006941702	0.008105663	0.008519998	0.001059493	0.023113409	0.007478132
Symbiobacterium	9.19E-06	8.42E-06	1.34E-05	0.000112607	3.54E-05	4.47E-06	1.31E-05	0	8.71E-06	6.39E-05	1.76E-05	0	8.32E-06	2.31E-05	8.45E-06	8.55E-06	1.78E-05	8.60E-06	4.32E-05	8.57E-06	0	6.77E-05	1.72E-05	0	1.25E-05	1.26E-05	1.27E-05	1.26E-05	0	1.34E-05	2.51E-05	1.23E-05
Syntrophomonas	4.59E-05	7.15E-05	5.79E-05	4.33E-05	8.85E-05	1.79E-05	4.82E-05	2.53E-05	6.96E-05	1.60E-05	4.41E-05	6.04E-05	0.000191313	5.40E-05	7.60E-05	7.70E-05	8.88E-05	7.74E-05	4.32E-05	6.00E-05	0.00017112	5.08E-05	6.89E-05	2.57E-05	8.73E-05	1.26E-05	0.000101897	5.03E-05	2.53E-05	0	0	1.23E-05
Syntrophothermus	1.15E-05	4.21E-06	2.67E-05	3.03E-05	4.43E-06	0	1.31E-05	4.22E-06	0	3.19E-05	2.64E-05	1.73E-05	2.50E-05	3.08E-05	2.53E-05	1.71E-05	1.78E-05	8.60E-06	1.73E-05	8.57E-06	0	0	8.62E-06	1.28E-05	1.25E-05	1.26E-05	0	0	1.26E-05	0	1.25E-05	0
Syntrophus	2.30E-06	8.42E-06	8.90E-06	3.03E-05	3.10E-05	0	1.75E-05	1.27E-05	1.31E-05	0	8.81E-06	8.63E-06	0	0	5.07E-05	8.55E-06	1.78E-05	0	8.65E-06	8.57E-06	0	0	8.62E-06	0	0	0	0	1.26E-05	0	1.34E-05	0	0
Thauera	0	0	4.45E-06	1.73E-05	1.77E-05	0	0	8.45E-06	0	0	0	0	0	0	1.69E-05	8.55E-06	8.88E-06	0	1.73E-05	8.57E-06	0	0	0	0	0	1.26E-05	0	3.77E-05	0	0	0	0
Thermincola	6.89E-06	1.26E-05	1.78E-05	3.03E-05	1.33E-05	8.94E-06	8.77E-06	3.38E-05	2.18E-05	1.60E-05	0	1.73E-05	3.33E-05	1.54E-05	8.45E-06	8.55E-06	8.88E-06	1.72E-05	3.46E-05	3.43E-05	1.71E-05	4.23E-05	2.59E-05	0	1.25E-05	0	0	0.000113102	1.26E-05	0	1.25E-05	1.23E-05
Thermoanaerobacter	5.51E-05	9.26E-05	0.000271565	0.000346482	0.000172641	1.34E-05	8.33E-05	3.38E-05	9.14E-05	0.000119782	0.000105766	5.18E-05	0.000158041	0.000185028	6.76E-05	9.41E-05	0.000195441	0.000180696	0.000268145	0.000154227	1.71E-05	0.000363947	0.000120653	5.13E-05	0.000274389	8.80E-05	0.000127371	0.000150803	6.32E-05	4.02E-05	0.000150576	3.70E-05
Thermus	4.59E-06	1.26E-05	1.34E-05	1.73E-05	4.43E-06	4.47E-06	1.31E-05	0	4.35E-06	2.40E-05	0	8.63E-06	0	0	2.53E-05	0	0	8.60E-06	2.59E-05	8.57E-06	0	3.39E-05	8.62E-06	0	0	0	0	2.51E-05	2.53E-05	0	0	1.23E-05
Thioalkalivibrio	0	1.68E-05	1.78E-05	2.17E-05	1.33E-05	0	0	0	0	7.99E-06	8.81E-06	8.63E-06	8.32E-06	7.71E-06	1.69E-05	0	1.78E-05	0	0	5.14E-05	0	0	3.45E-05	0	0	2.51E-05	0	5.03E-05	0	0	1.25E-05	0
Thiobacillus	0	4.21E-06	0	4.33E-06	0	1.34E-05	0	0	0	0	0	0	8.32E-06	0	0	0	0	8.60E-06	0	0	0	0	0	0	0	0	0	0	0	0	0	0
Thiomonas	0	0	4.45E-06	8.66E-06	4.43E-06	0	1.31E-05	4.22E-06	0	0	0	0	0	0	0	0	0	0	0	0	0	2.54E-05	0	0	1.25E-05	0	0	0	0	0	0	0
Tolumonas	0	4.21E-06	0	0	1.77E-05	8.94E-06	0	0	0	0	0	8.63E-06	0	2.31E-05	0	0	0	0	0	0	0	8.46E-06	8.62E-06	0	0	0	0	1.26E-05	0	0	0	0
Treponema	8.04E-05	0.000168328	0.000222594	0.000355144	0.000190348	6.70E-05	0.000135865	0.00010979	0.000208948	0.000199636	0.000246787	0.000103614	0.000166359	0.000192738	0.00014358	0.000153901	0.000177674	0.000249533	0.000250846	0.000128523	7.70E-05	0.000406267	0.000232688	0.000115433	0.000473945	0.000125676	5.09E-05	0.000213638	0.000113769	0.000120702	5.02E-05	6.16E-05
Turicibacter	5.28E-05	3.79E-05	0.000280469	6.93E-05	0.000230188	8.94E-06	5.26E-05	3.38E-05	7.40E-05	3.19E-05	0.000141021	0.000103614	0.000182995	0.000131062	6.76E-05	6.84E-05	2.67E-05	8.60E-06	4.32E-05	8.57E-05	4.28E-05	0.000160814	0.00018098	3.85E-05	8.73E-05	6.28E-05	0.000101897	8.80E-05	6.32E-05	2.68E-05	0.000138028	4.93E-05
Unclassified Clostridiales	0.000165366	8.42E-05	0.000120201	0.000203558	0.000119521	4.92E-05	0.000105186	7.18E-05	0.000152358	0.000159709	0.000185091	0.000138151	0.000224585	0.000177319	0.000185809	9.41E-05	0.000373114	0.000180696	0.000138398	0.000162795	1.71E-05	0.000262381	0.000120653	0.000102608	0.000349223	5.03E-05	0.000140108	0.000125669	3.79E-05	8.05E-05	6.27E-05	0.000160158
Unclassified Enterobacteriaceae	2.30E-06	0	4.45E-06	4.33E-06	4.43E-06	8.94E-06	4.38E-06	0	4.35E-06	0.001365509	0	8.63E-06	0	0	0.009341137	3.42E-05	8.88E-06	0	2.59E-05	1.71E-05	0	0	0	3.85E-05	2.49E-05	3.77E-05	0	0	0	0	0	0
Unclassified Lachnospiraceae	0.003778161	0.003370772	0.005092955	0.001944632	0.00323149	0.000952096	0.001485747	0.002609621	0.003247403	0.003569489	0.0030584	0.003047964	0.005872469	0.009274536	0.004366517	0.021452145	0.011193433	0.004319506	0.001340726	0.006691743	0.002780701	0.002962361	0.002335502	0.002783229	0.003068173	0.001772025	0.002381832	0.006735868	0.006219346	0.008918513	0.003500891	0.061636072
Unclassified Ruminococcaceae	0.00112541	0.003745303	0.004189223	0.011420924	0.007113704	0.002874167	0.002848778	0.005071448	0.006042086	0.005933178	0.005208976	0.002685317	0.003310542	0.004594865	0.003454363	0.002385472	0.003615657	0.007967853	0.004446021	0.002716111	0.000419244	0.00864163	0.003369673	0.002449754	0.004914066	0.004549453	0.004037651	0.008583206	0.002452344	0.001394775	0.00745351	0.003757546
Variovorax	2.30E-06	0	1.78E-05	8.66E-06	1.33E-05	8.94E-06	4.38E-06	4.22E-06	4.35E-06	0	8.81E-06	0	8.32E-06	0	1.69E-05	0	3.55E-05	1.72E-05	0	8.57E-06	8.56E-06	8.46E-06	0	1.28E-05	0	1.26E-05	3.82E-05	0	0	0	0	0
Veillonella	7.81E-05	0.000130454	0.000111297	0.000112607	0.000278882	4.92E-05	0.000109568	0.000350483	0.000121886	0.000143738	0.001251564	0.000345378	0.000407579	0.000185028	0.001131747	0.000222302	0.000177674	0.000137673	9.51E-05	0.000197068	0.003259837	0.000313164	0.001439221	0.000102608	0.00049889	0.000477567	0.000254741	0.000188504	0.000328665	0.006021673	0.000163124	0.000320315
Verminephrobacter	2.30E-06	8.42E-06	0	1.30E-05	0	4.47E-06	0	0	0	7.99E-06	0	8.63E-06	0	0	0	8.55E-06	8.88E-06	1.72E-05	0	0	8.56E-06	8.46E-06	0	1.28E-05	3.74E-05	0	0	0	0	1.34E-05	0	0
Vibrio	4.59E-05	7.15E-05	8.46E-05	5.63E-05	0.000141654	5.36E-05	5.70E-05	7.60E-05	8.71E-05	4.79E-05	6.17E-05	0.000103614	8.32E-05	4.63E-05	6.76E-05	9.41E-05	0.000142139	5.16E-05	6.92E-05	7.71E-05	5.99E-05	9.31E-05	0.000103417	0.000153911	0.00011225	0.00010054	2.55E-05	0.000150803	7.58E-05	2.68E-05	0	2.46E-05
Weissella	0	4.21E-06	8.90E-06	0	0	0	0	0	4.35E-06	2.40E-05	0	2.59E-05	0	7.71E-06	0	0	0	8.60E-06	0	0	0	0	0	0	2.49E-05	1.26E-05	0	0	0	0	0	0
Xanthomonas	9.19E-06	1.68E-05	2.23E-05	1.30E-05	2.66E-05	0	8.77E-06	0	2.61E-05	1.60E-05	1.76E-05	0	1.66E-05	1.54E-05	1.69E-05	8.55E-06	8.88E-06	1.72E-05	0	0	0	8.46E-06	8.62E-06	2.57E-05	0	1.26E-05	2.55E-05	0	0	0	1.25E-05	1.23E-05
Xenorhabdus	2.30E-06	4.21E-06	0	8.66E-06	8.85E-06	0	0	0	0	7.99E-06	1.76E-05	0	8.32E-06	0.000107933	8.45E-06	0	0	0	0	2.57E-05	0	8.46E-06	0	0	2.49E-05	0	0	0	0	0	0	0
Xylanimonas	4.59E-06	0	4.45E-06	4.33E-06	8.85E-06	0	4.38E-06	0	8.71E-06	1.60E-05	8.81E-06	0	0	7.71E-06	1.69E-05	8.55E-06	0	8.60E-06	8.65E-06	1.71E-05	8.56E-06	2.54E-05	0	0	1.25E-05	1.26E-05	0	2.51E-05	0	0	1.25E-05	0
Yersinia	1.84E-05	5.89E-05	3.12E-05	1.30E-05	1.77E-05	4.02E-05	2.19E-05	1.27E-05	8.71E-06	0	1.76E-05	1.73E-05	4.16E-05	1.54E-05	0.000177363	0	3.55E-05	8.60E-06	0.000103798	6.00E-05	8.56E-06	1.69E-05	1.72E-05	6.41E-05	6.24E-05	0.00010054	2.55E-05	2.51E-05	0	0	3.76E-05	0
Zunongwangia	1.38E-05	3.79E-05	7.12E-05	0.000108276	0.000119521	2.68E-05	3.07E-05	3.38E-05	2.61E-05	1.60E-05	7.05E-05	1.73E-05	8.32E-06	7.71E-05	4.22E-05	1.71E-05	2.67E-05	6.02E-05	1.73E-05	8.57E-06	4.28E-05	8.46E-05	7.76E-05	0	6.24E-05	0	0	2.51E-05	8.85E-05	1.34E-05	6.27E-05	2.46E-05
